Time (s),dln[ethane(1)]/dln[k1]: CH3(3)+CH3(3)=ethane(1),dln[ethane(1)]/dln[k2]: CH3(3)+ethane(1)=C2H5(4)+methane(2),dln[ethane(1)]/dln[k3]: H(5)+C2H5(4)=ethane(1),dln[ethane(1)]/dln[k4]: CH3(3)+H(5)=methane(2),dln[ethane(1)]/dln[k5]: H(5)+C2H4(9)=C2H5(4),dln[ethane(1)]/dln[k6]: CH3(3)+C2H5(4)=C2H4(9)+methane(2),dln[ethane(1)]/dln[k7]: C2H5(4)+C2H5(4)=C2H4(9)+ethane(1),dln[ethane(1)]/dln[k8]: H(5)+ethane(1)=C2H5(4)+H2(8),dln[ethane(1)]/dln[k9]: H(5)+methane(2)=CH3(3)+H2(8),dln[ethane(1)]/dln[k10]: H(5)+C2H5(4)=H2(8)+C2H4(9),dln[ethane(1)]/dln[k12]: H(5)+C2H3(14)=C2H4(9),dln[ethane(1)]/dln[k13]: C2H3(14)+methane(2)=CH3(3)+C2H4(9),dln[ethane(1)]/dln[k15]: H(5)+C2H4(9)=H2(8)+C2H3(14),dln[ethane(1)]/dln[k16]: C2H5(4)+C2H3(14)=C2H4(9)+C2H4(9),dln[ethane(1)]/dln[k17]: H(5)+C2H2(20)=C2H3(14),dln[ethane(1)]/dln[k18]: CH3(3)+C2H3(14)=C2H2(20)+methane(2),dln[ethane(1)]/dln[k19]: C2H5(4)+C2H3(14)=C2H2(20)+ethane(1),dln[ethane(1)]/dln[k21]: H(5)+C2H3(14)=H2(8)+C2H2(20),dln[ethane(1)]/dln[k34]: C4H7(40)+C2H5(4)=C4H6(26)+ethane(1)
0.0,0.0,0.0,0.0,0.0,0.0,0.0,0.0,0.0,0.0,0.0,0.0,0.0,0.0,0.0,0.0,0.0,0.0,0.0,0.0
7.766745E-16,0.0,0.0,0.0,0.0,0.0,0.0,0.0,0.0,0.0,0.0,0.0,0.0,0.0,0.0,0.0,0.0,0.0,0.0,0.0
1.615484E-11,0.0,0.0,0.0,0.0,0.0,0.0,0.0,0.0,0.0,0.0,0.0,0.0,0.0,0.0,0.0,0.0,0.0,0.0,0.0
2.642931E-10,0.0,0.0,0.0,0.0,0.0,0.0,0.0,0.0,0.0,0.0,0.0,0.0,0.0,0.0,0.0,0.0,0.0,0.0,0.0
4.297966E-9,0.0,0.0,0.0,0.0,0.0,0.0,0.0,0.0,0.0,0.0,0.0,0.0,0.0,0.0,0.0,0.0,0.0,0.0,0.0
1.509558E-8,0.0,0.0,0.0,0.0,0.0,0.0,0.0,0.0,0.0,0.0,0.0,0.0,0.0,0.0,0.0,0.0,0.0,0.0,0.0
3.364784E-8,0.0,0.0,0.0,0.0,0.0,0.0,0.0,0.0,0.0,0.0,0.0,0.0,0.0,0.0,0.0,0.0,0.0,0.0,0.0
6.326504E-8,0.0,0.0,0.0,0.0,0.0,0.0,0.0,0.0,0.0,0.0,0.0,0.0,0.0,0.0,0.0,0.0,0.0,0.0,0.0
1.314441E-7,0.0,0.0,0.0,0.0,0.0,0.0,0.0,0.0,0.0,0.0,0.0,0.0,0.0,0.0,0.0,0.0,0.0,0.0,0.0
2.587117E-7,0.0,0.0,0.0,0.0,0.0,0.0,0.0,0.0,0.0,0.0,0.0,0.0,0.0,0.0,0.0,0.0,0.0,0.0,0.0
3.859793E-7,0.0,0.0,0.0,0.0,0.0,0.0,0.0,0.0,0.0,0.0,0.0,0.0,0.0,0.0,0.0,0.0,0.0,0.0,0.0
6.16273E-7,0.0,0.0,0.0,0.0,0.0,0.0,0.0,0.0,0.0,0.0,0.0,0.0,0.0,0.0,0.0,0.0,0.0,0.0,0.0
1.004621E-6,0.0,0.0,0.0,0.0,0.0,0.0,0.0,0.0,0.0,0.0,0.0,0.0,0.0,0.0,0.0,0.0,0.0,0.0,0.0
1.416968E-6,0.0,0.0,0.0,0.0,0.0,0.0,0.0,0.0,0.0,0.0,0.0,0.0,0.0,0.0,0.0,0.0,0.0,0.0,0.0
1.829315E-6,-0.001494578,-0.001183862,0.0,0.0,0.0,0.0,0.0,0.0,0.0,0.0,0.0,0.0,0.0,0.0,0.0,0.0,0.0,0.0,0.0
2.241662E-6,-0.002368764,-0.001979795,0.0,0.0,-0.001377852,0.0,0.0,0.0,0.0,0.0,0.0,0.0,0.0,0.0,0.0,0.0,0.0,0.0,0.0
2.654009E-6,-0.003430871,-0.00298153,0.0,0.0,-0.00209032,0.0,0.0,-0.001484699,0.0,0.0,0.0,0.0,0.0,0.0,0.0,0.0,0.0,0.0,0.0
3.066356E-6,-0.004640682,-0.004166147,0.0,0.0,-0.002932637,0.0,0.0,-0.002208472,0.0,0.0,0.0,0.0,0.0,0.0,0.0,0.0,0.0,0.0,0.0
3.378338E-6,-0.005626383,-0.005166286,0.0,0.0,-0.003641126,0.0,0.0,-0.002868179,0.0,0.0,0.0,0.0,0.0,0.0,0.0,0.0,0.0,0.0,0.0
3.996717E-6,-0.007678394,-0.007356121,0.0,0.001296404,-0.005178281,0.0,0.0,-0.004457991,0.0,0.0,0.0,0.0,0.0,0.0,0.0,0.0,0.0,0.0,0.0
5.0E-6,-0.01102328,-0.01128153,0.0,0.002737276,-0.007871262,0.0,0.0,-0.007771799,0.0,0.0,0.0,0.0,0.0,0.0,0.0,0.0,0.0,0.0,0.0
6.696972E-6,-0.01605157,-0.01822326,0.002056459,0.006259478,-0.01241854,0.0,0.0,-0.01495056,0.0,0.0,0.0,0.0,0.0,0.0,0.0,0.0,0.0,0.0,0.0
8.644867E-6,-0.02061885,-0.02586911,0.004486936,0.0112397,-0.01713732,0.0,0.0,-0.02455316,0.0,0.0,0.0,0.0,0.0,0.0,0.0,0.0,0.0,0.0,0.0
1.0E-5,-0.02323669,-0.03082813,0.006491943,0.01490125,-0.02006565,0.0,0.0,-0.03157549,0.0,0.0,0.0,0.0,0.0,0.0,0.0,0.0,0.0,0.0,0.0
1.188486E-5,-0.02642242,-0.03724709,0.009477846,0.01996476,-0.02373511,0.001069176,0.001046713,-0.04141789,0.0,0.001052427,0.0,0.0,0.0,0.0,0.0,0.0,0.0,0.0,0.0
1.346266E-5,-0.02884602,-0.04224413,0.01203342,0.02406885,-0.02651474,0.001308062,0.001342732,-0.0495709,0.0,0.001329854,0.0,0.0,0.0,0.0,0.0,0.0,0.0,0.0,0.0
1.5E-5,-0.0310788,-0.04682774,0.01451084,0.02791211,-0.02901445,0.001538396,0.001637517,-0.05737681,0.0,0.001598569,0.0,0.0,0.0,0.0,0.0,0.0,0.0,0.0,0.0
1.655814E-5,-0.0332529,-0.05121881,0.01698015,0.03164319,-0.03136902,0.00176847,0.001939196,-0.06512729,0.0,0.001866221,0.0,0.0,0.0,0.0,0.0,0.0,0.0,0.0,0.0
1.793758E-5,-0.03512031,-0.05491305,0.01912032,0.03481138,-0.03332155,0.001969045,0.002207146,-0.07184882,-0.001115875,0.002098067,0.0,0.0,0.0,0.0,0.0,0.0,0.0,0.0,0.0
1.962943E-5,-0.03734936,-0.05921795,0.02168072,0.03853268,-0.03556543,0.002210984,0.002535754,-0.07991463,-0.001373752,0.002375286,0.0,0.0,0.0,0.0,0.0,0.0,0.0,0.0,0.0
2.0E-5,-0.03782942,-0.06012968,0.0222319,0.03932469,-0.03603639,0.002263384,0.002607652,-0.08165567,-0.001432953,0.002434941,0.0,0.0,0.0,0.0,0.0,0.0,0.0,0.0,0.0
2.229135E-5,-0.04073796,-0.06553596,0.02556408,0.04404918,-0.03879875,0.002582759,0.003051162,-0.09222337,-0.001818873,0.002795433,0.0,0.0,0.0,0.0,0.0,0.0,0.0,0.0,0.0
2.5E-5,-0.0440536,-0.07145548,0.02934122,0.04927994,-0.04176381,0.002950382,0.003572457,-0.1042974,-0.002314622,0.00320373,0.0,-0.001127918,0.0,0.0,0.0,0.0,0.0,0.0,0.0
3.0E-5,-0.0498648,-0.0812267,0.03589501,0.05806415,-0.04651976,0.003602692,0.004524564,-0.1255003,-0.003321667,0.003911328,0.0,-0.001605946,0.0,0.0,0.0,0.0,0.0,0.0,0.0
3.5E-5,-0.05532514,-0.08974098,0.04197167,0.06589933,-0.05051857,0.004223757,0.005462192,-0.1454482,-0.004420946,0.004566429,0.0,-0.002125094,0.0,0.0,0.0,0.0,0.0,0.0,0.0
4.0E-5,-0.06048239,-0.09722116,0.04763645,0.07295214,-0.05391465,0.004816509,0.006384487,-0.1642929,-0.005588,0.005176253,0.0,-0.002674392,0.0,0.0,0.0,0.0,0.0,0.0,0.0
4.5E-5,-0.06537492,-0.1038384,0.05294211,0.07935017,-0.05682291,0.005383449,0.007290962,-0.1821597,-0.00680447,0.005746631,0.0,-0.003245636,0.0,0.0,0.0,0.0,0.0,0.0,0.0
5.0E-5,-0.07003398,-0.1097268,0.0579318,0.08519309,-0.05933083,0.005926733,0.008181377,-0.1991532,-0.008056362,0.006282324,0.0,-0.003832588,0.0,0.0,0.0,0.0,0.0,0.0,0.0
5.5E-5,-0.0744854,-0.1149932,0.06264123,0.09056016,-0.06150626,0.006448239,0.009055674,-0.2153618,-0.009332864,0.006787273,0.0,-0.004430438,0.0,0.0,0.0,0.0,0.0,0.0,0.0
6.0E-5,-0.07875079,-0.1197241,0.06710036,0.09551536,-0.06340265,0.006949614,0.009913922,-0.2308607,-0.01062554,0.00726478,0.0,-0.005035441,0.0,0.0,0.0,0.0,0.0,0.0,0.0
6.5E-5,-0.08284841,-0.1239902,0.07133452,0.100111,-0.06506272,0.007432315,0.01075629,-0.2457148,-0.01192774,0.007717636,0.0,-0.005644649,0.0,0.0,0.0,0.0,0.0,0.0,0.0
7.0E-5,-0.08679387,-0.1278501,0.07536537,0.1043904,-0.06652104,0.007897637,0.011583,-0.25998,-0.01323419,0.008148223,0.0,-0.006255727,-0.001086019,0.0,0.0,0.0,0.0,0.0,0.0
7.5E-5,-0.09060058,-0.1313527,0.07921154,0.1083898,-0.06780587,0.008346739,0.01239435,-0.2737052,-0.0145407,0.008558593,0.001001662,-0.006866816,-0.001216539,0.0,-0.00106184,0.0,0.0,0.0,0.0
8.0E-5,-0.09428021,-0.1345394,0.08288921,0.1121397,-0.06894057,0.008780661,0.01319065,-0.2869332,-0.0158439,0.008950525,0.001107422,-0.007476429,-0.001349624,0.0,-0.001142155,0.0,0.0,0.0,0.0
8.5E-5,-0.09784293,-0.1374454,0.08641249,0.1156661,-0.06994457,0.009200341,0.01397223,-0.2997019,-0.01714109,0.009325568,0.00121509,-0.00808337,-0.001484831,0.0,-0.001221185,0.0,0.0,0.0,0.0
9.0E-5,-0.1012977,-0.1401005,0.08979378,0.1189912,-0.07083422,0.00960663,0.01473944,-0.3120449,-0.0184301,0.009685087,0.001324458,-0.008686683,-0.001621767,0.0,-0.001298902,0.0,0.0,0.0,0.0
9.5E-5,-0.1046524,-0.1425309,0.09304403,0.1221344,-0.07162332,0.0100003,0.01549265,-0.3239919,-0.01970921,0.01003028,0.001435342,-0.009285595,-0.001760092,0.0,-0.001375293,0.0,0.0,0.0,0.0
1.0E-4,-0.107914,-0.144759,0.09617295,0.1251123,-0.07232364,0.01038206,0.0162322,-0.3355699,-0.02097701,0.01036222,0.001547582,-0.009879491,-0.001899501,0.0,-0.001450355,0.0,0.0,0.0,0.0
1.05E-4,-0.1110889,-0.1468043,0.09918921,0.1279395,-0.07294523,0.01075255,0.01695845,-0.3468027,-0.02223239,0.01068185,0.001661035,-0.01046788,-0.002039729,0.0,-0.001524094,0.0,0.0,0.0,0.0
1.1E-4,-0.1141827,-0.1486841,0.1021006,0.1306288,-0.07349678,0.01111236,0.01767177,-0.3577123,-0.02347447,0.01099003,0.001775575,-0.01105036,-0.002180541,0.0,-0.001596523,0.0,0.0,0.0,0.0
1.15E-4,-0.1172004,-0.1504134,0.104914,0.1331915,-0.07398579,0.01146205,0.01837248,-0.368318,-0.02470256,0.01128752,0.001891091,-0.01162664,-0.002321728,0.0,-0.00166766,0.0,0.0,0.0,0.0
1.2E-4,-0.1201465,-0.1520056,0.1076358,0.1356376,-0.07441878,0.01180211,0.01906094,-0.378638,-0.02591612,0.011575,0.00200748,-0.01219647,-0.002463106,0.0,-0.001737524,0.0,0.0,0.0,0.0
1.25E-4,-0.1230254,-0.1534725,0.1102716,0.137976,-0.07480146,0.012133,0.01973747,-0.3886883,-0.02711475,0.01185311,0.002124654,-0.01275967,-0.002604512,0.0,-0.001806138,0.0,0.0,0.0,0.0
1.3E-4,-0.1258406,-0.1548246,0.1128266,0.1402148,-0.07513882,0.01245517,0.0204024,-0.3984838,-0.02829816,0.01212241,0.00224253,-0.0133161,-0.002745802,0.0,-0.001873526,0.0,0.0,0.0,0.0
1.35E-4,-0.1285957,-0.1560715,0.1153056,0.142361,-0.07543528,0.012769,0.02105603,-0.4080382,-0.02946612,0.01238341,0.002361036,-0.01386568,-0.002886847,0.0,-0.001939715,0.0,0.0,0.0,0.0
1.4E-4,-0.1312939,-0.1572214,0.1177128,0.144421,-0.07569471,0.01307487,0.02169867,-0.417364,-0.03061852,0.01263659,0.002480103,-0.01440833,-0.003027535,0.0,-0.00200473,0.0,0.0,0.0,0.0
1.45E-4,-0.1339379,-0.1582821,0.1200522,0.1464008,-0.07592056,0.01337314,0.0223306,-0.4264726,-0.03175527,0.01288237,0.002599673,-0.01494403,-0.003167765,0.0,-0.002068597,0.0,0.0,0.0,0.0
1.5E-4,-0.1365306,-0.1592604,0.1223273,0.1483054,-0.0761159,0.01366411,0.02295212,-0.4353748,-0.03287635,0.01312116,0.002719689,-0.01547276,-0.003307448,0.0,-0.002131344,0.0,0.0,0.001002994,0.0
1.55E-4,-0.1390742,-0.1601624,0.1245416,0.1501398,-0.07628346,0.0139481,0.0235635,-0.4440802,-0.0339818,0.01335332,0.002840101,-0.01599453,-0.003446505,0.0,-0.002192997,0.0,0.0,0.001047386,0.0
1.6E-4,-0.1415712,-0.1609938,0.1266981,0.1519082,-0.07642569,0.01422539,0.02416499,-0.4525982,-0.03507165,0.01357918,0.002960863,-0.01650936,-0.003584867,0.0,-0.002253582,0.0,0.0,0.001091908,0.0
1.65E-4,-0.1440235,-0.1617597,0.1287996,0.1536146,-0.07654477,0.01449624,0.02475686,-0.460937,-0.03614602,0.01379906,0.003081932,-0.01701728,-0.003722472,0.0,-0.002313123,0.0,0.0,0.001136543,0.0
1.7E-4,-0.1464332,-0.1624646,0.1308488,0.1552626,-0.07664268,0.01476091,0.02533934,-0.4691046,-0.037205,0.01401324,0.00320327,-0.01751835,-0.003859267,0.0,-0.002371648,0.0,0.0,0.001181279,0.0
1.75E-4,-0.1488021,-0.163113,0.1328481,0.1568556,-0.07672119,0.01501964,0.02591268,-0.4771084,-0.03824873,0.01422199,0.003324841,-0.01801263,-0.003995205,0.0,-0.00242918,0.0,0.0,0.0012261,0.0
1.8E-4,-0.1511318,-0.1637085,0.1347997,0.1583966,-0.07678191,0.01527263,0.0264771,-0.4849551,-0.03927736,0.01442556,0.003446611,-0.01850016,-0.004130243,0.0,-0.002485744,0.0,0.0,0.001270996,0.0
1.85E-4,-0.1534239,-0.1642548,0.1367059,0.1598884,-0.07682628,0.01552011,0.02703283,-0.4926511,-0.04029105,0.01462417,0.00356855,-0.01898104,-0.004264347,0.0,-0.002541363,0.0,0.001016698,0.001315955,0.0
1.9E-4,-0.15568,-0.1647551,0.1385685,0.1613337,-0.07685561,0.01576227,0.02758008,-0.5002025,-0.04128998,0.01481805,0.003690629,-0.01945532,-0.004397484,0.0,-0.00259606,0.0,0.001058794,0.001360967,0.0
1.95E-4,-0.1579013,-0.1652124,0.1403894,0.1627348,-0.07687111,0.0159993,0.02811904,-0.5076149,-0.04227434,0.01500739,0.003812822,-0.01992308,-0.004529628,0.0,-0.002649856,0.0,0.001101205,0.001406021,0.0
2.0E-4,-0.1600892,-0.1656295,0.1421703,0.164094,-0.07687386,0.01623138,0.02864993,-0.5148935,-0.04324431,0.01519239,0.003935105,-0.02038442,-0.004660755,0.0,-0.002702775,0.0,0.001143913,0.00145111,0.0
2.05E-4,-0.1622449,-0.166009,0.1439129,0.1654133,-0.07686484,0.01645866,0.02917293,-0.5220434,-0.04420009,0.01537322,0.004057455,-0.02083941,-0.004790846,0.0,-0.002754836,0.0,0.001186902,0.001496225,0.0
2.1E-4,-0.1643695,-0.166353,0.1456186,0.1666947,-0.07684497,0.01668132,0.02968823,-0.5290692,-0.04514188,0.01555004,0.00417985,-0.02128814,-0.004919886,0.0,-0.002806061,0.0,0.001230157,0.001541357,0.0
2.15E-4,-0.1664642,-0.1666639,0.1472889,0.1679399,-0.07681507,0.01689951,0.030196,-0.5359752,-0.04606988,0.01572301,0.004302271,-0.0217307,-0.005047859,0.0,-0.002856467,0.0,0.001273664,0.0015865,0.0
2.2E-4,-0.1685299,-0.1669436,0.1489252,0.1691506,-0.0767759,0.01711336,0.03069641,-0.5427658,-0.0469843,0.01589228,0.0044247,-0.02216718,-0.005174755,0.0,-0.002906076,0.0,0.001317407,0.001631647,0.0
2.25E-4,-0.1705675,-0.1671941,0.1505286,0.1703284,-0.07672815,0.01732301,0.03118964,-0.5494447,-0.04788534,0.01605799,0.004547118,-0.02259766,-0.005300567,0.0,-0.002954905,0.0,0.001361373,0.001676792,0.0
2.3E-4,-0.172578,-0.1674169,0.1521004,0.1714747,-0.07667245,0.0175286,0.03167584,-0.5560157,-0.04877321,0.01622026,0.00466951,-0.02302224,-0.005425286,0.0,-0.003002972,0.0,0.001405551,0.001721928,0.0
2.35E-4,-0.1745623,-0.1676139,0.1536417,0.1725909,-0.07660941,0.01773025,0.03215517,-0.5624824,-0.04964811,0.01637922,0.004791861,-0.023441,-0.005548909,0.0,-0.003050295,0.0,0.001449926,0.00176705,0.0
2.4E-4,-0.1765212,-0.1677863,0.1551536,0.1736782,-0.07653955,0.01792807,0.03262778,-0.568848,-0.05051026,0.01653498,0.004914156,-0.02385403,-0.005671434,0.0,-0.00309689,0.0,0.001494489,0.001812153,0.0
2.45E-4,-0.1784554,-0.1679357,0.156637,0.1747379,-0.07646338,0.01812219,0.03309381,-0.5751158,-0.05135984,0.01668766,0.005036381,-0.02426142,-0.005792857,0.0,-0.003142774,0.0,0.001539227,0.001857232,0.0
2.5E-4,-0.1803656,-0.1680634,0.158093,0.175771,-0.07638135,0.0183127,0.03355341,-0.5812887,-0.05219707,0.01683735,0.005158526,-0.02466326,-0.005913181,0.0,-0.003187963,0.0,0.001584131,0.001902283,0.0
2.55E-4,-0.1822526,-0.1681705,0.1595223,0.1767787,-0.07629388,0.01849971,0.03400671,-0.5873697,-0.05302215,0.01698417,0.005280576,-0.02505964,-0.006032406,0.0,-0.003232471,0.0,0.001629189,0.0019473,0.0
2.6E-4,-0.184117,-0.1682582,0.160926,0.177762,-0.07620138,0.01868332,0.03445384,-0.5933613,-0.05383527,0.01712819,0.005402522,-0.02545064,-0.006150535,0.0,-0.003276314,0.0,0.001674392,0.001992281,0.0
2.65E-4,-0.1859594,-0.1683276,0.1623048,0.1787217,-0.07610421,0.01886362,0.03489493,-0.5992663,-0.05463662,0.01726951,0.005524353,-0.02583634,-0.006267571,0.0,-0.003319505,0.0,0.001719731,0.00203722,0.0
2.7E-4,-0.1877805,-0.1683797,0.1636595,0.1796587,-0.0760027,0.01904071,0.0353301,-0.605087,-0.0554264,0.01740821,0.005646059,-0.02621683,-0.00638352,0.0,-0.00336206,0.0,0.001765196,0.002082114,0.0
2.75E-4,-0.1895807,-0.1684153,0.1649907,0.180574,-0.07589716,0.01921467,0.03575948,-0.6108259,-0.0562048,0.01754438,0.00576763,-0.0265922,-0.006498386,0.0,-0.003403991,0.001017413,0.00181078,0.002126961,0.0
2.8E-4,-0.1913608,-0.1684354,0.1662993,0.1814683,-0.07578788,0.01938558,0.03618317,-0.6164852,-0.05697201,0.01767809,0.005889058,-0.02696252,-0.006612177,0.0,-0.003445312,0.001040046,0.001856474,0.002171756,0.0
2.85E-4,-0.1931211,-0.1684409,0.1675859,0.1823423,-0.07567514,0.01955353,0.0366013,-0.622067,-0.05772821,0.01780941,0.006010335,-0.02732788,-0.006724898,0.0,-0.003486035,0.001062658,0.001902269,0.002216497,0.0
2.9E-4,-0.1948621,-0.1684324,0.1688511,0.1831968,-0.07555918,0.01971859,0.03701397,-0.6275735,-0.05847358,0.01793842,0.006131451,-0.02768835,-0.006836557,0.0,-0.003526173,0.001085246,0.001948159,0.002261181,0.0
2.95E-4,-0.1965845,-0.1684107,0.1700955,0.1840324,-0.07544024,0.01988083,0.03742128,-0.6330064,-0.0592083,0.01806517,0.006252401,-0.02804402,-0.006947164,0.0,-0.003565737,0.001107808,0.001994136,0.002305804,0.0
3.0E-4,-0.1982885,-0.1683765,0.1713198,0.1848497,-0.07531854,0.02004033,0.03782335,-0.6383678,-0.05993254,0.01818974,0.006373176,-0.02839495,-0.007056725,0.0,-0.003604739,0.001130343,0.002040193,0.002350365,0.0
3.05E-4,-0.1999746,-0.1683305,0.1725244,0.1856495,-0.07519428,0.02019715,0.03822026,-0.6436595,-0.06064648,0.01831219,0.00649377,-0.02874122,-0.007165251,0.0,-0.003643191,0.001152847,0.002086323,0.002394861,0.0
3.1E-4,-0.2016433,-0.1682731,0.1737099,0.1864322,-0.07506764,0.02035136,0.03861212,-0.6488831,-0.06135028,0.01843256,0.006614177,-0.02908292,-0.00727275,0.0,-0.003681103,0.001175319,0.00213252,0.002439289,0.0
3.15E-4,-0.203295,-0.1682052,0.1748769,0.1871984,-0.0749388,0.02050302,0.03899902,-0.6540403,-0.06204412,0.01855092,0.006734391,-0.0294201,-0.007379233,0.0,-0.003718486,0.001197757,0.002178777,0.002483647,0.0
3.2E-4,-0.20493,-0.168127,0.1760257,0.1879487,-0.07480793,0.02065219,0.03938105,-0.6591328,-0.06272815,0.01866732,0.006854405,-0.02975285,-0.00748471,0.0,-0.00375535,0.00122016,0.002225089,0.002527933,0.0
3.25E-4,-0.2065487,-0.1680393,0.177157,0.1886835,-0.07467519,0.02079894,0.0397583,-0.664162,-0.06340253,0.01878182,0.006974215,-0.03008122,-0.00758919,0.0,-0.003791705,0.001242526,0.00227145,0.002572146,0.0
3.3E-4,-0.2081515,-0.1679424,0.178271,0.1894033,-0.07454071,0.02094331,0.04013086,-0.6691294,-0.06406742,0.01889446,0.007093815,-0.0304053,-0.007692685,0.0,-0.003827562,0.001264852,0.002317854,0.002616282,0.0
3.35E-4,-0.2097387,-0.1678368,0.1793683,0.1901086,-0.07440463,0.02108537,0.04049881,-0.6740364,-0.06472297,0.01900528,0.0072132,-0.03072515,-0.007795206,0.0,-0.003862929,0.001287139,0.002364296,0.002660341,0.0
3.4E-4,-0.2113107,-0.1677229,0.1804493,0.1907997,-0.07426707,0.02122516,0.04086223,-0.6788845,-0.06536934,0.01911434,0.007332365,-0.03104082,-0.007896763,0.0,-0.003897815,0.001309383,0.00241077,0.002704321,0.001023429
3.45E-4,-0.2128677,-0.1676013,0.1815144,0.1914772,-0.07412816,0.02136274,0.04122121,-0.6836748,-0.06600666,0.01922167,0.007451307,-0.0313524,-0.007997368,0.0,-0.003932231,0.001331585,0.002457273,0.002748219,0.001054472
3.5E-4,-0.21441,-0.1674721,0.1825639,0.1921414,-0.07398801,0.02149815,0.04157581,-0.6884086,-0.0666351,0.01932732,0.00757002,-0.03165994,-0.008097031,0.0,-0.003966183,0.001353742,0.002503798,0.002792035,0.001085836
3.55E-4,-0.2159381,-0.1673359,0.1835983,0.1927926,-0.07384671,0.02163145,0.04192612,-0.6930872,-0.06725478,0.01943134,0.007688502,-0.0319635,-0.008195765,0.0,-0.003999682,0.001375854,0.002550342,0.002835767,0.001117516
3.6E-4,-0.217452,-0.1671929,0.1846178,0.1934314,-0.07370437,0.02176268,0.04227221,-0.6977118,-0.06786584,0.01953374,0.007806747,-0.03226315,-0.008293581,0.0,-0.004032735,0.001397919,0.002596899,0.002879413,0.001149503
3.65E-4,-0.2189522,-0.1670436,0.1856228,0.1940579,-0.07356108,0.02189188,0.04261414,-0.7022834,-0.06846843,0.01963459,0.007924752,-0.03255895,-0.008390491,0.0,-0.00406535,0.001419936,0.002643466,0.002922972,0.001181793
3.7E-4,-0.2204388,-0.1668881,0.1866137,0.1946725,-0.07341691,0.02201909,0.042952,-0.7068031,-0.06906268,0.0197339,0.008042514,-0.03285095,-0.008486505,0.0,-0.004097535,0.001441904,0.002690039,0.002966443,0.001214378
3.75E-4,-0.2219122,-0.1667269,0.1875908,0.1952756,-0.07327197,0.02214437,0.04328584,-0.7112721,-0.06964871,0.01983172,0.008160029,-0.03313921,-0.008581636,0.0,-0.004129297,0.001463822,0.002736612,0.003009825,0.001247252
3.8E-4,-0.2233725,-0.1665601,0.1885543,0.1958675,-0.07312631,0.02226774,0.04361574,-0.7156913,-0.07022666,0.01992807,0.008277295,-0.03342379,-0.008675896,0.0,-0.004160645,0.00148569,0.002783184,0.003053116,0.001280409
3.85E-4,-0.2248201,-0.1663881,0.1895046,0.1964484,-0.07298001,0.02238925,0.04394175,-0.7200616,-0.07079666,0.020023,0.008394308,-0.03370475,-0.008769296,0.0,-0.004191585,0.001507505,0.002829749,0.003096315,0.001313843
3.9E-4,-0.2262551,-0.1662111,0.1904419,0.1970186,-0.07283313,0.02250894,0.04426395,-0.7243842,-0.07135882,0.02011653,0.008511065,-0.03398213,-0.008861847,0.0,-0.004222124,0.001529269,0.002876304,0.003139421,0.001347548
3.95E-4,-0.2276778,-0.1660294,0.1913666,0.1975785,-0.07268575,0.02262683,0.04458239,-0.7286597,-0.07191326,0.02020869,0.008627564,-0.034256,-0.008953562,0.0,-0.004252269,0.001550979,0.002922846,0.003182433,0.001381517
4.0E-4,-0.2290884,-0.1658431,0.1922789,0.1981282,-0.07253791,0.02274298,0.04489712,-0.7328893,-0.07246011,0.02029951,0.008743801,-0.0345264,-0.009044452,0.0,-0.004282027,0.001572634,0.002969372,0.003225351,0.001415746
4.05E-4,-0.230487,-0.1656526,0.193179,0.198668,-0.07238968,0.02285741,0.04520822,-0.7370736,-0.07299948,0.02038901,0.008859775,-0.03479339,-0.009134528,0.0,-0.004311405,0.001594235,0.003015878,0.003268173,0.001450227
4.1E-4,-0.231874,-0.165458,0.1940672,0.1991982,-0.0722411,0.02297015,0.04551574,-0.7412136,-0.07353149,0.02047724,0.008975483,-0.03505701,-0.009223803,0.001012099,-0.004340408,0.001615781,0.00306236,0.003310897,0.001484955
4.15E-4,-0.2332495,-0.1652595,0.1949438,0.199719,-0.07209223,0.02308125,0.04581973,-0.74531,-0.07405624,0.0205642,0.009090923,-0.03531732,-0.009312287,0.001027118,-0.004369043,0.00163727,0.003108817,0.003353525,0.001519925
4.2E-4,-0.2346136,-0.1650573,0.1958089,0.2002306,-0.0719431,0.02319072,0.04612024,-0.7493637,-0.07457385,0.02064993,0.009206092,-0.03557437,-0.009399993,0.001042117,-0.004397317,0.001658702,0.003155244,0.003396054,0.001555131
4.25E-4,-0.2359666,-0.1648516,0.1966629,0.2007332,-0.07179378,0.0232986,0.04641734,-0.7533754,-0.07508443,0.02073446,0.009320989,-0.03582819,-0.009486931,0.001057097,-0.004425234,0.001680077,0.00320164,0.003438483,0.001590567
4.3E-4,-0.2373087,-0.1646426,0.1975058,0.2012271,-0.07164428,0.02340493,0.04671107,-0.7573457,-0.07558807,0.0208178,0.009435611,-0.03607885,-0.009573114,0.001072055,-0.004452801,0.001701394,0.003248001,0.003480813,0.001626228
4.35E-4,-0.23864,-0.1644304,0.198338,0.2017124,-0.07149467,0.02350972,0.04700148,-0.7612756,-0.07608489,0.02089997,0.009549957,-0.03632638,-0.009658551,0.001086993,-0.004480024,0.001722652,0.003294324,0.003523042,0.001662109
4.4E-4,-0.2399606,-0.1642152,0.1991597,0.2021894,-0.07134496,0.02361301,0.04728862,-0.7651655,-0.07657498,0.02098101,0.009664025,-0.03657083,-0.009743255,0.001101908,-0.004506907,0.001743852,0.003340608,0.00356517,0.001698204
4.45E-4,-0.2412709,-0.1639971,0.1999709,0.2026582,-0.0711952,0.02371483,0.04757254,-0.7690163,-0.07705844,0.02106093,0.009777812,-0.03681224,-0.009827237,0.001116799,-0.004533457,0.001764992,0.00338685,0.003607196,0.001734508
4.5E-4,-0.2425708,-0.1637763,0.200772,0.203119,-0.07104541,0.0238152,0.04785329,-0.7728285,-0.07753538,0.02113976,0.009891319,-0.03705066,-0.009910507,0.001131667,-0.004559678,0.001786071,0.003433047,0.003649119,0.001771016
4.55E-4,-0.2438607,-0.163553,0.2015631,0.203572,-0.07089563,0.02391414,0.04813092,-0.7766027,-0.07800588,0.02121751,0.01000454,-0.03728612,-0.009993077,0.00114651,-0.004585576,0.001807091,0.003479197,0.00369094,0.001807723
4.6E-4,-0.2451405,-0.1633272,0.2023444,0.2040173,-0.07074589,0.02401169,0.04840546,-0.7803397,-0.07847004,0.0212942,0.01011748,-0.03751868,-0.01007496,0.001161328,-0.004611155,0.00182805,0.003525297,0.003732656,0.001844624
4.65E-4,-0.2464105,-0.1630991,0.2031161,0.2044552,-0.07059621,0.02410787,0.04867697,-0.78404,-0.07892795,0.02136985,0.01023013,-0.03774837,-0.01015616,0.00117612,-0.004636421,0.001848947,0.003571346,0.003774268,0.001881714
4.7E-4,-0.2476709,-0.1628688,0.2038783,0.2048857,-0.07044662,0.0242027,0.04894548,-0.7877042,-0.07937971,0.02144449,0.0103425,-0.03797523,-0.01023669,0.001190885,-0.004661379,0.001869783,0.003617342,0.003815775,0.001918989
4.75E-4,-0.2489216,-0.1626364,0.2046312,0.2053091,-0.07029715,0.02429621,0.04921105,-0.7913328,-0.07982539,0.02151812,0.01045457,-0.03819929,-0.01031657,0.001205622,-0.004686033,0.001890557,0.003663282,0.003857177,0.001956442
4.8E-4,-0.250163,-0.162402,0.205375,0.2057254,-0.0701478,0.02438841,0.0494737,-0.7949264,-0.08026509,0.02159078,0.01056636,-0.03842061,-0.01039579,0.001220332,-0.004710387,0.001911269,0.003709164,0.003898474,0.00199407
4.85E-4,-0.2513951,-0.1621658,0.2061098,0.2061349,-0.06999862,0.02447933,0.04973349,-0.7984856,-0.0806989,0.02166246,0.01067786,-0.03863922,-0.01047439,0.001235013,-0.004734446,0.001931919,0.003754987,0.003939664,0.002031868
4.9E-4,-0.252618,-0.1619278,0.2068359,0.2065376,-0.06984961,0.02456899,0.04999044,-0.8020108,-0.08112689,0.0217332,0.01078906,-0.03885515,-0.01055235,0.001249665,-0.004758216,0.001952505,0.003800748,0.003980747,0.002069832
4.95E-4,-0.2538319,-0.1616881,0.2075532,0.2069337,-0.06970079,0.02465742,0.05024461,-0.8055025,-0.08154915,0.02180301,0.01089997,-0.03906844,-0.0106297,0.001264288,-0.004781698,0.001973029,0.003846446,0.004021723,0.002107957
5.0E-4,-0.2550369,-0.1614469,0.208262,0.2073233,-0.06955219,0.02474463,0.05049602,-0.8089614,-0.08196575,0.02187189,0.01101059,-0.03927912,-0.01070644,0.00127888,-0.0048049,0.001993489,0.00389208,0.004062592,0.002146238
